route_en	route_ja	identity	source	existing_state	decision	owner	old_composition
/	/ja/	home	apps/site/src/pages/home/page.ssrg	authored-in-catalog	REWRITE	#766	page-owned-blocks
/docs/	/ja/docs/	docs.overview	apps/site/src/pages/docs/overview/page.ssrg	authored-in-catalog	REWRITE	#766	page-owned-blocks
/docs/applications/web/document-metadata/	/ja/docs/applications/web/document-metadata/	not-assigned	docs/design/docs-site/reference-content-map.md	planned-only	REWRITE-plan	#767	none
/docs/applications/web/dom-services-and-targets/	/ja/docs/applications/web/dom-services-and-targets/	not-assigned	docs/design/docs-site/reference-content-map.md	planned-only	REWRITE-plan	#767	none
/docs/applications/web/event-lifetime/	/ja/docs/applications/web/event-lifetime/	not-assigned	docs/design/docs-site/reference-content-map.md	planned-only	REWRITE-plan	#767	none
/docs/applications/web/events/	/ja/docs/applications/web/events/	not-assigned	docs/design/docs-site/reference-content-map.md	planned-only	REWRITE-plan	#767	none
/docs/applications/web/html-and-children/	/ja/docs/applications/web/html-and-children/	not-assigned	docs/design/docs-site/reference-content-map.md	planned-only	REWRITE-plan	#767	none
/docs/applications/web/hydration/	/ja/docs/applications/web/hydration/	not-assigned	docs/design/docs-site/reference-content-map.md	planned-only	REWRITE-plan	#767	none
/docs/applications/web/ime-composition/	/ja/docs/applications/web/ime-composition/	not-assigned	docs/design/docs-site/reference-content-map.md	planned-only	REWRITE-plan	#767	none
/docs/applications/web/large-scenes/	/ja/docs/applications/web/large-scenes/	not-assigned	docs/design/docs-site/reference-content-map.md	planned-only	REWRITE-plan	#767	none
/docs/applications/web/module-boundaries/	/ja/docs/applications/web/module-boundaries/	not-assigned	docs/design/docs-site/reference-content-map.md	planned-only	REWRITE-plan	#767	none
/docs/applications/web/props/	/ja/docs/applications/web/props/	not-assigned	docs/design/docs-site/reference-content-map.md	planned-only	REWRITE-plan	#767	none
/docs/applications/web/pure-tree-semantics/	/ja/docs/applications/web/pure-tree-semantics/	not-assigned	docs/design/docs-site/reference-content-map.md	planned-only	REWRITE-plan	#767	none
/docs/applications/web/safe-output/	/ja/docs/applications/web/safe-output/	not-assigned	docs/design/docs-site/reference-content-map.md	planned-only	REWRITE-plan	#767	none
/docs/applications/web/server-rendering/	/ja/docs/applications/web/server-rendering/	not-assigned	docs/design/docs-site/reference-content-map.md	planned-only	REWRITE-plan	#767	none
/docs/applications/web/signal-bindings/	/ja/docs/applications/web/signal-bindings/	not-assigned	docs/design/docs-site/reference-content-map.md	planned-only	REWRITE-plan	#767	none
/docs/applications/web/state-ownership/	/ja/docs/applications/web/state-ownership/	not-assigned	docs/design/docs-site/reference-content-map.md	planned-only	REWRITE-plan	#767	none
/docs/applications/web/svg-and-browser-interaction/	/ja/docs/applications/web/svg-and-browser-interaction/	not-assigned	docs/design/docs-site/reference-content-map.md	planned-only	REWRITE-plan	#767	none
/docs/applications/web/targets-and-interop/	/ja/docs/applications/web/targets-and-interop/	not-assigned	docs/design/docs-site/reference-content-map.md	planned-only	REWRITE-plan	#767	none
/docs/first-run/	/ja/docs/first-run/	docs.first-run	apps/site/src/pages/docs/first-run/page.ssrg	authored-in-catalog	REWRITE	#766	page-owned-blocks
/docs/internals/performance/as-if-rule/	/ja/docs/internals/performance/as-if-rule/	not-assigned	docs/design/docs-site/reference-content-map.md	planned-only	REWRITE-plan	#767	none
/docs/internals/performance/build-profiles/	/ja/docs/internals/performance/build-profiles/	not-assigned	docs/design/docs-site/reference-content-map.md	planned-only	REWRITE-plan	#767	none
/docs/internals/performance/cost-classes/	/ja/docs/internals/performance/cost-classes/	not-assigned	docs/design/docs-site/reference-content-map.md	planned-only	REWRITE-plan	#767	none
/docs/internals/performance/data-collections-and-fusion/	/ja/docs/internals/performance/data-collections-and-fusion/	not-assigned	docs/design/docs-site/reference-content-map.md	planned-only	REWRITE-plan	#767	none
/docs/internals/performance/effect-stream-signal/	/ja/docs/internals/performance/effect-stream-signal/	not-assigned	docs/design/docs-site/reference-content-map.md	planned-only	REWRITE-plan	#767	none
/docs/internals/performance/erased-abstractions/	/ja/docs/internals/performance/erased-abstractions/	not-assigned	docs/design/docs-site/reference-content-map.md	planned-only	REWRITE-plan	#767	none
/docs/internals/performance/functions-currying-and-traits/	/ja/docs/internals/performance/functions-currying-and-traits/	not-assigned	docs/design/docs-site/reference-content-map.md	planned-only	REWRITE-plan	#767	none
/docs/internals/performance/guarantee-kinds/	/ja/docs/internals/performance/guarantee-kinds/	not-assigned	docs/design/docs-site/reference-content-map.md	planned-only	REWRITE-plan	#767	none
/docs/internals/performance/html-and-dom/	/ja/docs/internals/performance/html-and-dom/	not-assigned	docs/design/docs-site/reference-content-map.md	planned-only	REWRITE-plan	#767	none
/docs/internals/performance/model/	/ja/docs/internals/performance/model/	not-assigned	docs/design/docs-site/reference-content-map.md	planned-only	REWRITE-plan	#767	none
/docs/internals/performance/recursion-and-stack-safety/	/ja/docs/internals/performance/recursion-and-stack-safety/	not-assigned	docs/design/docs-site/reference-content-map.md	planned-only	REWRITE-plan	#767	none
/docs/internals/performance/verification-and-benchmarks/	/ja/docs/internals/performance/verification-and-benchmarks/	not-assigned	docs/design/docs-site/reference-content-map.md	planned-only	REWRITE-plan	#767	none
/docs/internals/production/artifact-manifest/	/ja/docs/internals/production/artifact-manifest/	not-assigned	docs/design/docs-site/reference-content-map.md	planned-only	REWRITE-plan	#767	none
/docs/internals/production/bundle-layout/	/ja/docs/internals/production/bundle-layout/	not-assigned	docs/design/docs-site/reference-content-map.md	planned-only	REWRITE-plan	#767	none
/docs/internals/production/minification-and-source-maps/	/ja/docs/internals/production/minification-and-source-maps/	not-assigned	docs/design/docs-site/reference-content-map.md	planned-only	REWRITE-plan	#767	none
/docs/internals/production/reachability/	/ja/docs/internals/production/reachability/	not-assigned	docs/design/docs-site/reference-content-map.md	planned-only	REWRITE-plan	#767	none
/docs/internals/production/regression-gates/	/ja/docs/internals/production/regression-gates/	not-assigned	docs/design/docs-site/reference-content-map.md	planned-only	REWRITE-plan	#767	none
/docs/internals/production/runtime-retention/	/ja/docs/internals/production/runtime-retention/	not-assigned	docs/design/docs-site/reference-content-map.md	planned-only	REWRITE-plan	#767	none
/docs/internals/providers/abi-v1-rejections/	/ja/docs/internals/providers/abi-v1-rejections/	not-assigned	docs/design/docs-site/reference-content-map.md	planned-only	REWRITE-plan	#767	none
/docs/internals/providers/additive-and-breaking-changes/	/ja/docs/internals/providers/additive-and-breaking-changes/	not-assigned	docs/design/docs-site/reference-content-map.md	planned-only	REWRITE-plan	#767	none
/docs/internals/providers/application-capability-baseline/	/ja/docs/internals/providers/application-capability-baseline/	not-assigned	docs/design/docs-site/reference-content-map.md	planned-only	REWRITE-plan	#767	none
/docs/internals/providers/backend-replacement/	/ja/docs/internals/providers/backend-replacement/	not-assigned	docs/design/docs-site/reference-content-map.md	planned-only	REWRITE-plan	#767	none
/docs/internals/providers/callback-stream-contract/	/ja/docs/internals/providers/callback-stream-contract/	not-assigned	docs/design/docs-site/reference-content-map.md	planned-only	REWRITE-plan	#767	none
/docs/internals/providers/calls-and-result-envelopes/	/ja/docs/internals/providers/calls-and-result-envelopes/	not-assigned	docs/design/docs-site/reference-content-map.md	planned-only	REWRITE-plan	#767	none
/docs/internals/providers/cancellation-races/	/ja/docs/internals/providers/cancellation-races/	not-assigned	docs/design/docs-site/reference-content-map.md	planned-only	REWRITE-plan	#767	none
/docs/internals/providers/capability-boundaries/	/ja/docs/internals/providers/capability-boundaries/	not-assigned	docs/design/docs-site/reference-content-map.md	planned-only	REWRITE-plan	#767	none
/docs/internals/providers/capability-examples/	/ja/docs/internals/providers/capability-examples/	not-assigned	docs/design/docs-site/reference-content-map.md	planned-only	REWRITE-plan	#767	none
/docs/internals/providers/causal-metadata/	/ja/docs/internals/providers/causal-metadata/	not-assigned	docs/design/docs-site/reference-content-map.md	planned-only	REWRITE-plan	#767	none
/docs/internals/providers/cold-effect-start/	/ja/docs/internals/providers/cold-effect-start/	not-assigned	docs/design/docs-site/reference-content-map.md	planned-only	REWRITE-plan	#767	none
/docs/internals/providers/compatibility-filter/	/ja/docs/internals/providers/compatibility-filter/	not-assigned	docs/design/docs-site/reference-content-map.md	planned-only	REWRITE-plan	#767	none
/docs/internals/providers/compatibility-schema-rejections/	/ja/docs/internals/providers/compatibility-schema-rejections/	not-assigned	docs/design/docs-site/reference-content-map.md	planned-only	REWRITE-plan	#767	none
/docs/internals/providers/conformance-cases/	/ja/docs/internals/providers/conformance-cases/	not-assigned	docs/design/docs-site/reference-content-map.md	planned-only	REWRITE-plan	#767	none
/docs/internals/providers/contract-version/	/ja/docs/internals/providers/contract-version/	not-assigned	docs/design/docs-site/reference-content-map.md	planned-only	REWRITE-plan	#767	none
/docs/internals/providers/conversion-responsibility/	/ja/docs/internals/providers/conversion-responsibility/	not-assigned	docs/design/docs-site/reference-content-map.md	planned-only	REWRITE-plan	#767	none
/docs/internals/providers/cross-capability-projection/	/ja/docs/internals/providers/cross-capability-projection/	not-assigned	docs/design/docs-site/reference-content-map.md	planned-only	REWRITE-plan	#767	none
/docs/internals/providers/demand-and-backpressure/	/ja/docs/internals/providers/demand-and-backpressure/	not-assigned	docs/design/docs-site/reference-content-map.md	planned-only	REWRITE-plan	#767	none
/docs/internals/providers/design-audit/	/ja/docs/internals/providers/design-audit/	not-assigned	docs/design/docs-site/reference-content-map.md	planned-only	REWRITE-plan	#767	none
/docs/internals/providers/deterministic-selection/	/ja/docs/internals/providers/deterministic-selection/	not-assigned	docs/design/docs-site/reference-content-map.md	planned-only	REWRITE-plan	#767	none
/docs/internals/providers/eight-capability-validation/	/ja/docs/internals/providers/eight-capability-validation/	not-assigned	docs/design/docs-site/reference-content-map.md	planned-only	REWRITE-plan	#767	none
/docs/internals/providers/existing-boundaries/	/ja/docs/internals/providers/existing-boundaries/	not-assigned	docs/design/docs-site/reference-content-map.md	planned-only	REWRITE-plan	#767	none
/docs/internals/providers/handshake-diagnostics/	/ja/docs/internals/providers/handshake-diagnostics/	not-assigned	docs/design/docs-site/reference-content-map.md	planned-only	REWRITE-plan	#767	none
/docs/internals/providers/http-handler-bridge/	/ja/docs/internals/providers/http-handler-bridge/	not-assigned	docs/design/docs-site/reference-content-map.md	planned-only	REWRITE-plan	#767	none
/docs/internals/providers/implementation-handoff/	/ja/docs/internals/providers/implementation-handoff/	not-assigned	docs/design/docs-site/reference-content-map.md	planned-only	REWRITE-plan	#767	none
/docs/internals/providers/lifecycle-schema-rejections/	/ja/docs/internals/providers/lifecycle-schema-rejections/	not-assigned	docs/design/docs-site/reference-content-map.md	planned-only	REWRITE-plan	#767	none
/docs/internals/providers/lifecycle-validation/	/ja/docs/internals/providers/lifecycle-validation/	not-assigned	docs/design/docs-site/reference-content-map.md	planned-only	REWRITE-plan	#767	none
/docs/internals/providers/lifecycle/	/ja/docs/internals/providers/lifecycle/	not-assigned	docs/design/docs-site/reference-content-map.md	planned-only	REWRITE-plan	#767	none
/docs/internals/providers/lock-and-build-metadata/	/ja/docs/internals/providers/lock-and-build-metadata/	not-assigned	docs/design/docs-site/reference-content-map.md	planned-only	REWRITE-plan	#767	none
/docs/internals/providers/logical-types/	/ja/docs/internals/providers/logical-types/	not-assigned	docs/design/docs-site/reference-content-map.md	planned-only	REWRITE-plan	#767	none
/docs/internals/providers/manifests/	/ja/docs/internals/providers/manifests/	not-assigned	docs/design/docs-site/reference-content-map.md	planned-only	REWRITE-plan	#767	none
/docs/internals/providers/model/	/ja/docs/internals/providers/model/	not-assigned	docs/design/docs-site/reference-content-map.md	planned-only	REWRITE-plan	#767	none
/docs/internals/providers/null-undefined-and-missing/	/ja/docs/internals/providers/null-undefined-and-missing/	not-assigned	docs/design/docs-site/reference-content-map.md	planned-only	REWRITE-plan	#767	none
/docs/internals/providers/one-shot-and-multi-shot/	/ja/docs/internals/providers/one-shot-and-multi-shot/	not-assigned	docs/design/docs-site/reference-content-map.md	planned-only	REWRITE-plan	#767	none
/docs/internals/providers/opaque-handles/	/ja/docs/internals/providers/opaque-handles/	not-assigned	docs/design/docs-site/reference-content-map.md	planned-only	REWRITE-plan	#767	none
/docs/internals/providers/operation-identity/	/ja/docs/internals/providers/operation-identity/	not-assigned	docs/design/docs-site/reference-content-map.md	planned-only	REWRITE-plan	#767	none
/docs/internals/providers/overflow-and-protocol-violations/	/ja/docs/internals/providers/overflow-and-protocol-violations/	not-assigned	docs/design/docs-site/reference-content-map.md	planned-only	REWRITE-plan	#767	none
/docs/internals/providers/portable-and-target-operations/	/ja/docs/internals/providers/portable-and-target-operations/	not-assigned	docs/design/docs-site/reference-content-map.md	planned-only	REWRITE-plan	#767	none
/docs/internals/providers/portable-surface/	/ja/docs/internals/providers/portable-surface/	not-assigned	docs/design/docs-site/reference-content-map.md	planned-only	REWRITE-plan	#767	none
/docs/internals/providers/preflight-diagnostics/	/ja/docs/internals/providers/preflight-diagnostics/	not-assigned	docs/design/docs-site/reference-content-map.md	planned-only	REWRITE-plan	#767	none
/docs/internals/providers/producer-consumer-cancellation/	/ja/docs/internals/providers/producer-consumer-cancellation/	not-assigned	docs/design/docs-site/reference-content-map.md	planned-only	REWRITE-plan	#767	none
/docs/internals/providers/registration-and-removal/	/ja/docs/internals/providers/registration-and-removal/	not-assigned	docs/design/docs-site/reference-content-map.md	planned-only	REWRITE-plan	#767	none
/docs/internals/providers/requirement-collection/	/ja/docs/internals/providers/requirement-collection/	not-assigned	docs/design/docs-site/reference-content-map.md	planned-only	REWRITE-plan	#767	none
/docs/internals/providers/resource-handoff/	/ja/docs/internals/providers/resource-handoff/	not-assigned	docs/design/docs-site/reference-content-map.md	planned-only	REWRITE-plan	#767	none
/docs/internals/providers/schema-1-rejections/	/ja/docs/internals/providers/schema-1-rejections/	not-assigned	docs/design/docs-site/reference-content-map.md	planned-only	REWRITE-plan	#767	none
/docs/internals/providers/scope-cleanup/	/ja/docs/internals/providers/scope-cleanup/	not-assigned	docs/design/docs-site/reference-content-map.md	planned-only	REWRITE-plan	#767	none
/docs/internals/providers/services-and-requirements/	/ja/docs/internals/providers/services-and-requirements/	not-assigned	docs/design/docs-site/reference-content-map.md	planned-only	REWRITE-plan	#767	none
/docs/internals/providers/stream-schema-rejections/	/ja/docs/internals/providers/stream-schema-rejections/	not-assigned	docs/design/docs-site/reference-content-map.md	planned-only	REWRITE-plan	#767	none
/docs/internals/providers/stream-signal-conversion/	/ja/docs/internals/providers/stream-signal-conversion/	not-assigned	docs/design/docs-site/reference-content-map.md	planned-only	REWRITE-plan	#767	none
/docs/internals/providers/terminal-outcomes/	/ja/docs/internals/providers/terminal-outcomes/	not-assigned	docs/design/docs-site/reference-content-map.md	planned-only	REWRITE-plan	#767	none
/docs/internals/providers/typescript-runtime-abi/	/ja/docs/internals/providers/typescript-runtime-abi/	not-assigned	docs/design/docs-site/reference-content-map.md	planned-only	REWRITE-plan	#767	none
/docs/internals/providers/typescript-value-projection/	/ja/docs/internals/providers/typescript-value-projection/	not-assigned	docs/design/docs-site/reference-content-map.md	planned-only	REWRITE-plan	#767	none
/docs/internals/providers/version-roles/	/ja/docs/internals/providers/version-roles/	not-assigned	docs/design/docs-site/reference-content-map.md	planned-only	REWRITE-plan	#767	none
/docs/interop/bindings/callback-lifetimes/	/ja/docs/interop/bindings/callback-lifetimes/	not-assigned	docs/design/docs-site/reference-content-map.md	planned-only	REWRITE-plan	#767	none
/docs/interop/bindings/classes-and-enums/	/ja/docs/interop/bindings/classes-and-enums/	not-assigned	docs/design/docs-site/reference-content-map.md	planned-only	REWRITE-plan	#767	none
/docs/interop/bindings/collections-tuples-and-objects/	/ja/docs/interop/bindings/collections-tuples-and-objects/	not-assigned	docs/design/docs-site/reference-content-map.md	planned-only	REWRITE-plan	#767	none
/docs/interop/bindings/configuration/	/ja/docs/interop/bindings/configuration/	not-assigned	docs/design/docs-site/reference-content-map.md	planned-only	REWRITE-plan	#767	none
/docs/interop/bindings/converter-model/	/ja/docs/interop/bindings/converter-model/	not-assigned	docs/design/docs-site/reference-content-map.md	planned-only	REWRITE-plan	#767	none
/docs/interop/bindings/declaration-merging/	/ja/docs/interop/bindings/declaration-merging/	not-assigned	docs/design/docs-site/reference-content-map.md	planned-only	REWRITE-plan	#767	none
/docs/interop/bindings/discriminated-unions/	/ja/docs/interop/bindings/discriminated-unions/	not-assigned	docs/design/docs-site/reference-content-map.md	planned-only	REWRITE-plan	#767	none
/docs/interop/bindings/functions/	/ja/docs/interop/bindings/functions/	not-assigned	docs/design/docs-site/reference-content-map.md	planned-only	REWRITE-plan	#767	none
/docs/interop/bindings/generated-names/	/ja/docs/interop/bindings/generated-names/	not-assigned	docs/design/docs-site/reference-content-map.md	planned-only	REWRITE-plan	#767	none
/docs/interop/bindings/generated-outputs/	/ja/docs/interop/bindings/generated-outputs/	not-assigned	docs/design/docs-site/reference-content-map.md	planned-only	REWRITE-plan	#767	none
/docs/interop/bindings/generics/	/ja/docs/interop/bindings/generics/	not-assigned	docs/design/docs-site/reference-content-map.md	planned-only	REWRITE-plan	#767	none
/docs/interop/bindings/inputs-and-symbols/	/ja/docs/interop/bindings/inputs-and-symbols/	not-assigned	docs/design/docs-site/reference-content-map.md	planned-only	REWRITE-plan	#767	none
/docs/interop/bindings/nullability-and-optionals/	/ja/docs/interop/bindings/nullability-and-optionals/	not-assigned	docs/design/docs-site/reference-content-map.md	planned-only	REWRITE-plan	#767	none
/docs/interop/bindings/overloads/	/ja/docs/interop/bindings/overloads/	not-assigned	docs/design/docs-site/reference-content-map.md	planned-only	REWRITE-plan	#767	none
/docs/interop/bindings/primitives/	/ja/docs/interop/bindings/primitives/	not-assigned	docs/design/docs-site/reference-content-map.md	planned-only	REWRITE-plan	#767	none
/docs/interop/bindings/unions-and-intersections/	/ja/docs/interop/bindings/unions-and-intersections/	not-assigned	docs/design/docs-site/reference-content-map.md	planned-only	REWRITE-plan	#767	none
/docs/interop/bindings/unsupported-types/	/ja/docs/interop/bindings/unsupported-types/	not-assigned	docs/design/docs-site/reference-content-map.md	planned-only	REWRITE-plan	#767	none
/docs/interop/bindings/updating-declarations/	/ja/docs/interop/bindings/updating-declarations/	not-assigned	docs/design/docs-site/reference-content-map.md	planned-only	REWRITE-plan	#767	none
/docs/interop/typescript/abi-stability/	/ja/docs/interop/typescript/abi-stability/	not-assigned	docs/design/docs-site/reference-content-map.md	planned-only	REWRITE-plan	#767	none
/docs/interop/typescript/arity-and-currying/	/ja/docs/interop/typescript/arity-and-currying/	not-assigned	docs/design/docs-site/reference-content-map.md	planned-only	REWRITE-plan	#767	none
/docs/interop/typescript/boundary-model/	/ja/docs/interop/typescript/boundary-model/	not-assigned	docs/design/docs-site/reference-content-map.md	planned-only	REWRITE-plan	#767	none
/docs/interop/typescript/boundary-types/	/ja/docs/interop/typescript/boundary-types/	not-assigned	docs/design/docs-site/reference-content-map.md	planned-only	REWRITE-plan	#767	none
/docs/interop/typescript/callbacks/	/ja/docs/interop/typescript/callbacks/	not-assigned	docs/design/docs-site/reference-content-map.md	planned-only	REWRITE-plan	#767	none
/docs/interop/typescript/classes-and-members/	/ja/docs/interop/typescript/classes-and-members/	not-assigned	docs/design/docs-site/reference-content-map.md	planned-only	REWRITE-plan	#767	none
/docs/interop/typescript/collections-and-records/	/ja/docs/interop/typescript/collections-and-records/	not-assigned	docs/design/docs-site/reference-content-map.md	planned-only	REWRITE-plan	#767	none
/docs/interop/typescript/exporting-seseragi/	/ja/docs/interop/typescript/exporting-seseragi/	not-assigned	docs/design/docs-site/reference-content-map.md	planned-only	REWRITE-plan	#767	none
/docs/interop/typescript/foreign-modules/	/ja/docs/interop/typescript/foreign-modules/	not-assigned	docs/design/docs-site/reference-content-map.md	planned-only	REWRITE-plan	#767	none
/docs/interop/typescript/generic-public-abi/	/ja/docs/interop/typescript/generic-public-abi/	not-assigned	docs/design/docs-site/reference-content-map.md	planned-only	REWRITE-plan	#767	none
/docs/interop/typescript/optional-nullable-and-rest/	/ja/docs/interop/typescript/optional-nullable-and-rest/	not-assigned	docs/design/docs-site/reference-content-map.md	planned-only	REWRITE-plan	#767	none
/docs/interop/typescript/overloads/	/ja/docs/interop/typescript/overloads/	not-assigned	docs/design/docs-site/reference-content-map.md	planned-only	REWRITE-plan	#767	none
/docs/interop/typescript/primitive-conversion/	/ja/docs/interop/typescript/primitive-conversion/	not-assigned	docs/design/docs-site/reference-content-map.md	planned-only	REWRITE-plan	#767	none
/docs/interop/typescript/pure-calls/	/ja/docs/interop/typescript/pure-calls/	not-assigned	docs/design/docs-site/reference-content-map.md	planned-only	REWRITE-plan	#767	none
/docs/interop/typescript/source-maps-and-stacks/	/ja/docs/interop/typescript/source-maps-and-stacks/	not-assigned	docs/design/docs-site/reference-content-map.md	planned-only	REWRITE-plan	#767	none
/docs/interop/typescript/task-calls/	/ja/docs/interop/typescript/task-calls/	not-assigned	docs/design/docs-site/reference-content-map.md	planned-only	REWRITE-plan	#767	none
/docs/language/	/ja/docs/language/	language.overview	apps/site/src/pages/language/overview/page.ssrg	authored-in-catalog	REWRITE	#766	page-owned-blocks
/docs/language/data/algebraic-data-types/	/ja/docs/language/data/algebraic-data-types/	language.data.algebraic-data-types	apps/site/src/pages/language/data/algebraic-data-types/page.ssrg	authored-in-catalog	REWRITE	#767	explanation,reference-article
/docs/language/data/impls-and-methods/	/ja/docs/language/data/impls-and-methods/	language.data.impls-and-methods	apps/site/src/pages/language/data/impls-and-methods/page.ssrg	authored-in-catalog	REWRITE	#767	explanation,reader-article
/docs/language/data/newtypes/	/ja/docs/language/data/newtypes/	language.data.newtypes	apps/site/src/pages/language/data/newtypes/page.ssrg	authored-in-catalog	REWRITE	#767	explanation,reader-article
/docs/language/data/operator-overloads/	/ja/docs/language/data/operator-overloads/	language.data.operator-overloads	apps/site/src/pages/language/data/operator-overloads/page.ssrg	authored-in-catalog	REWRITE	#767	explanation,reader-article
/docs/language/data/records/	/ja/docs/language/data/records/	language.data.records	apps/site/src/pages/language/data/records/page.ssrg	authored-in-catalog	REWRITE	#767	explanation,reader-article
/docs/language/data/structs/	/ja/docs/language/data/structs/	language.data.structs	apps/site/src/pages/language/data/structs/page.ssrg	authored-in-catalog	REWRITE	#767	explanation,reader-article
/docs/language/data/tuples-arrays-and-lists/	/ja/docs/language/data/tuples-arrays-and-lists/	language.data.tuples-arrays-and-lists	apps/site/src/pages/language/data/tuples-arrays-and-lists/page.ssrg	authored-in-catalog	REWRITE	#767	explanation,reader-article
/docs/language/effects/cancellation-and-resources/	/ja/docs/language/effects/cancellation-and-resources/	language.effects.cancellation-resources	apps/site/src/pages/language/effects/cancellation-and-resources/page.ssrg	authored-in-catalog	REWRITE	#767	explanation,reference-article
/docs/language/effects/defects/	/ja/docs/language/effects/defects/	language.effects.defects	apps/site/src/pages/language/effects/defects/page.ssrg	authored-in-catalog	REWRITE	#767	explanation,reference-article
/docs/language/effects/derived-signals/	/ja/docs/language/effects/derived-signals/	language.effects.derived-signals	apps/site/src/pages/language/effects/derived-signals/page.ssrg	authored-in-catalog	REWRITE	#767	explanation,reference-article
/docs/language/effects/effect-functions-contract-form/	/ja/docs/language/effects/effect-functions-contract-form/	language.effects.effect-functions-contract-form	apps/site/src/pages/language/effects/effect-functions-contract-form/page.ssrg	authored-in-catalog	REWRITE	#767	explanation,reference-article
/docs/language/effects/effect-functions-inferred-form/	/ja/docs/language/effects/effect-functions-inferred-form/	language.effects.effect-functions-inferred-form	apps/site/src/pages/language/effects/effect-functions-inferred-form/page.ssrg	authored-in-catalog	REWRITE	#767	explanation,reference-article
/docs/language/effects/effect-type/	/ja/docs/language/effects/effect-type/	language.effects.effect-type	apps/site/src/pages/language/effects/effect-type/page.ssrg	authored-in-catalog	REWRITE	#767	explanation,reference-article
/docs/language/effects/effectful-for/	/ja/docs/language/effects/effectful-for/	language.effects.effectful-for	apps/site/src/pages/language/effects/effectful-for/page.ssrg	authored-in-catalog	REWRITE	#767	explanation,reference-article
/docs/language/effects/either/	/ja/docs/language/effects/either/	language.effects.either	apps/site/src/pages/language/effects/either/page.ssrg	authored-in-catalog	REWRITE	#767	explanation,reference-article
/docs/language/effects/environment-requirements/	/ja/docs/language/effects/environment-requirements/	language.effects.environment-requirements	apps/site/src/pages/language/effects/environment-requirements/page.ssrg	authored-in-catalog	REWRITE	#767	explanation,reference-article
/docs/language/effects/error-channels/	/ja/docs/language/effects/error-channels/	language.effects.error-channels	apps/site/src/pages/language/effects/error-channels/page.ssrg	authored-in-catalog	REWRITE	#767	explanation,reference-article
/docs/language/effects/exceptions-and-algebraic-effects/	/ja/docs/language/effects/exceptions-and-algebraic-effects/	language.effects.exceptions-algebraic	apps/site/src/pages/language/effects/exceptions-and-algebraic-effects/page.ssrg	authored-in-catalog	REWRITE	#767	explanation,reference-article
/docs/language/effects/fiber-supervision/	/ja/docs/language/effects/fiber-supervision/	language.effects.fiber-supervision	apps/site/src/pages/language/effects/fiber-supervision/page.ssrg	authored-in-catalog	REWRITE	#767	explanation,reference-article
/docs/language/effects/maybe/	/ja/docs/language/effects/maybe/	language.effects.maybe	apps/site/src/pages/language/effects/maybe/page.ssrg	authored-in-catalog	REWRITE	#767	explanation,reference-article
/docs/language/effects/pure-expressions/	/ja/docs/language/effects/pure-expressions/	language.effects.pure-expressions	apps/site/src/pages/language/effects/pure-expressions/page.ssrg	authored-in-catalog	REWRITE	#767	explanation,reference-article
/docs/language/effects/runtime-boundaries/	/ja/docs/language/effects/runtime-boundaries/	language.effects.runtime-boundaries	apps/site/src/pages/language/effects/runtime-boundaries/page.ssrg	authored-in-catalog	REWRITE	#767	explanation,reference-article
/docs/language/effects/scheduler-fairness/	/ja/docs/language/effects/scheduler-fairness/	language.effects.scheduler-fairness	apps/site/src/pages/language/effects/scheduler-fairness/page.ssrg	authored-in-catalog	REWRITE	#767	explanation,reference-article
/docs/language/effects/sequential-and-parallel/	/ja/docs/language/effects/sequential-and-parallel/	language.effects.sequential-and-parallel	apps/site/src/pages/language/effects/sequential-and-parallel/page.ssrg	authored-in-catalog	REWRITE	#767	explanation,reference-article
/docs/language/effects/signal-operators/	/ja/docs/language/effects/signal-operators/	language.effects.signal-operators	apps/site/src/pages/language/effects/signal-operators/page.ssrg	authored-in-catalog	REWRITE	#767	explanation,reference-article
/docs/language/effects/signals-and-transactions/	/ja/docs/language/effects/signals-and-transactions/	language.effects.signals-transactions	apps/site/src/pages/language/effects/signals-and-transactions/page.ssrg	authored-in-catalog	REWRITE	#767	explanation,reference-article
/docs/language/effects/subscriptions-and-lifetime/	/ja/docs/language/effects/subscriptions-and-lifetime/	language.effects.subscriptions-lifetime	apps/site/src/pages/language/effects/subscriptions-and-lifetime/page.ssrg	authored-in-catalog	REWRITE	#767	explanation,reference-article
/docs/language/effects/task/	/ja/docs/language/effects/task/	language.effects.task	apps/site/src/pages/language/effects/task/page.ssrg	authored-in-catalog	REWRITE	#767	explanation,reference-article
/docs/language/expressions/blocks-and-local-declarations/	/ja/docs/language/expressions/blocks-and-local-declarations/	language.expressions.blocks-and-local-declarations	apps/site/src/pages/language/expressions/blocks-and-local-declarations/page.ssrg	authored-in-catalog	REWRITE	#767	explanation,reader-article
/docs/language/expressions/conditionals/	/ja/docs/language/expressions/conditionals/	language.expressions.conditionals	apps/site/src/pages/language/expressions/conditionals/page.ssrg	authored-in-catalog	REWRITE	#767	explanation,reference-article
/docs/language/expressions/evaluation/	/ja/docs/language/expressions/evaluation/	language.expressions.evaluation	apps/site/src/pages/language/expressions/evaluation/page.ssrg	authored-in-catalog	REWRITE	#767	explanation,reader-article
/docs/language/expressions/lambdas/	/ja/docs/language/expressions/lambdas/	language.expressions.lambdas	apps/site/src/pages/language/expressions/lambdas/page.ssrg	authored-in-catalog	REWRITE	#764/#765	explanation,reader-article
/docs/language/expressions/ranges-and-comprehensions/	/ja/docs/language/expressions/ranges-and-comprehensions/	language.expressions.ranges-and-comprehensions	apps/site/src/pages/language/expressions/ranges-and-comprehensions/page.ssrg	authored-in-catalog	REWRITE	#767	explanation,reader-article
/docs/language/grammar/	/ja/docs/language/grammar/	language.grammar	apps/site/src/pages/language/grammar/page.ssrg	authored-in-catalog	REWRITE	#767	page-owned-blocks
/docs/language/model/backend-independent-semantics/	/ja/docs/language/model/backend-independent-semantics/	language.model.backend-independent-semantics	apps/site/src/pages/language/model/backend-independent-semantics/page.ssrg	authored-in-catalog	REWRITE	#767	explanation,reader-principle
/docs/language/model/design-principles/	/ja/docs/language/model/design-principles/	language.model.design-principles	apps/site/src/pages/language/model/design-principles/page.ssrg	authored-in-catalog	REWRITE	#767	explanation,principle
/docs/language/model/diagnosable-behavior/	/ja/docs/language/model/diagnosable-behavior/	language.model.diagnosable-behavior	apps/site/src/pages/language/model/diagnosable-behavior/page.ssrg	authored-in-catalog	REWRITE	#767	explanation,reader-principle
/docs/language/model/expression-oriented/	/ja/docs/language/model/expression-oriented/	language.model.expression-oriented	apps/site/src/pages/language/model/expression-oriented/page.ssrg	authored-in-catalog	REWRITE	#767	explanation,reader-principle
/docs/language/model/immutable-by-default/	/ja/docs/language/model/immutable-by-default/	language.model.immutable-by-default	apps/site/src/pages/language/model/immutable-by-default/page.ssrg	authored-in-catalog	REWRITE	#767	explanation,reader-article
/docs/language/model/no-hidden-danger/	/ja/docs/language/model/no-hidden-danger/	language.model.no-hidden-danger	apps/site/src/pages/language/model/no-hidden-danger/page.ssrg	authored-in-catalog	REWRITE	#767	explanation,reader-principle
/docs/language/model/non-features/	/ja/docs/language/model/non-features/	language.model.non-features	apps/site/src/pages/language/model/non-features/page.ssrg	authored-in-catalog	REWRITE	#767	explanation,concept
/docs/language/model/programs/	/ja/docs/language/model/programs/	language.model.programs	apps/site/src/pages/language/model/programs/page.ssrg	authored-in-catalog	REWRITE	#767	explanation,concept
/docs/language/model/readable-density/	/ja/docs/language/model/readable-density/	language.model.readable-density	apps/site/src/pages/language/model/readable-density/page.ssrg	authored-in-catalog	REWRITE	#767	explanation,reader-principle
/docs/language/model/visible-costs/	/ja/docs/language/model/visible-costs/	language.model.visible-costs	apps/site/src/pages/language/model/visible-costs/page.ssrg	authored-in-catalog	REWRITE	#767	explanation,reader-principle
/docs/language/model/what-is-seseragi/	/ja/docs/language/model/what-is-seseragi/	language.model.what-is-seseragi	apps/site/src/pages/language/model/what-is-seseragi/page.ssrg	authored-in-catalog	REWRITE	#766	explanation,concept
/docs/language/modules/dependency-graphs/	/ja/docs/language/modules/dependency-graphs/	language.modules.dependency-graphs	apps/site/src/pages/language/modules/dependency-graphs/page.ssrg	authored-in-catalog	REWRITE	#767	explanation,reader-article
/docs/language/modules/entry-points/	/ja/docs/language/modules/entry-points/	language.modules.entry-points	apps/site/src/pages/language/modules/entry-points/page.ssrg	authored-in-catalog	REWRITE	#767	explanation,reader-article
/docs/language/modules/identity/	/ja/docs/language/modules/identity/	language.modules.identity	apps/site/src/pages/language/modules/identity/page.ssrg	authored-in-catalog	REWRITE	#767	explanation,reader-article
/docs/language/modules/imports/	/ja/docs/language/modules/imports/	language.modules.imports	apps/site/src/pages/language/modules/imports/page.ssrg	authored-in-catalog	REWRITE	#767	explanation,reader-article
/docs/language/modules/initialization/	/ja/docs/language/modules/initialization/	language.modules.initialization	apps/site/src/pages/language/modules/initialization/page.ssrg	authored-in-catalog	REWRITE	#767	explanation,reader-article
/docs/language/modules/namespaces-and-resolution/	/ja/docs/language/modules/namespaces-and-resolution/	language.modules.namespaces-and-resolution	apps/site/src/pages/language/modules/namespaces-and-resolution/page.ssrg	authored-in-catalog	REWRITE	#767	explanation,reader-article
/docs/language/modules/packages/	/ja/docs/language/modules/packages/	language.modules.packages	apps/site/src/pages/language/modules/packages/page.ssrg	authored-in-catalog	REWRITE	#767	explanation,reader-article
/docs/language/modules/re-exports/	/ja/docs/language/modules/re-exports/	language.modules.re-exports	apps/site/src/pages/language/modules/re-exports/page.ssrg	authored-in-catalog	REWRITE	#767	explanation,reader-article
/docs/language/modules/specifier-resolution/	/ja/docs/language/modules/specifier-resolution/	language.modules.specifier-resolution	apps/site/src/pages/language/modules/specifier-resolution/page.ssrg	authored-in-catalog	REWRITE	#767	explanation,reader-article
/docs/language/modules/top-level/	/ja/docs/language/modules/top-level/	language.modules.top-level	apps/site/src/pages/language/modules/top-level/page.ssrg	authored-in-catalog	REWRITE	#767	explanation,reader-article
/docs/language/modules/visibility/	/ja/docs/language/modules/visibility/	language.modules.visibility	apps/site/src/pages/language/modules/visibility/page.ssrg	authored-in-catalog	REWRITE	#767	explanation,reader-article
/docs/language/patterns/binding-rules/	/ja/docs/language/patterns/binding-rules/	language.patterns.binding-rules	apps/site/src/pages/language/patterns/binding-rules/page.ssrg	authored-in-catalog	REWRITE	#767	explanation,reference-article
/docs/language/patterns/irrefutable-patterns/	/ja/docs/language/patterns/irrefutable-patterns/	language.patterns.irrefutable-patterns	apps/site/src/pages/language/patterns/irrefutable-patterns/page.ssrg	authored-in-catalog	REWRITE	#767	explanation,reference-article
/docs/language/patterns/match/	/ja/docs/language/patterns/match/	language.patterns.match	apps/site/src/pages/language/patterns/match/page.ssrg	authored-in-catalog	REWRITE	#767	explanation,reference-article
/docs/language/syntax/character-string-escapes/	/ja/docs/language/syntax/character-string-escapes/	language.syntax.character-string-escapes	apps/site/src/pages/language/syntax/character-string-escapes/page.ssrg	authored-in-catalog	REWRITE	#767	explanation,reader-article
/docs/language/syntax/custom-operators/	/ja/docs/language/syntax/custom-operators/	language.syntax.custom-operators	apps/site/src/pages/language/syntax/custom-operators/page.ssrg	authored-in-catalog	REWRITE	#767	explanation,reader-article
/docs/language/syntax/function-application/	/ja/docs/language/syntax/function-application/	language.syntax.function-application	apps/site/src/pages/language/syntax/function-application/page.ssrg	authored-in-catalog	REWRITE	#764/#765	explanation,reader-article
/docs/language/syntax/layout-and-line-continuation/	/ja/docs/language/syntax/layout-and-line-continuation/	language.syntax.layout-and-line-continuation	apps/site/src/pages/language/syntax/layout-and-line-continuation/page.ssrg	authored-in-catalog	REWRITE	#767	explanation,reader-article
/docs/language/syntax/literals/	/ja/docs/language/syntax/literals/	language.syntax.literals	apps/site/src/pages/language/syntax/literals/page.ssrg	authored-in-catalog	REWRITE	#767	explanation,reader-article
/docs/language/syntax/method-calls/	/ja/docs/language/syntax/method-calls/	language.syntax.method-calls	apps/site/src/pages/language/syntax/method-calls/page.ssrg	authored-in-catalog	REWRITE	#767	explanation,reader-article
/docs/language/syntax/operator-precedence/	/ja/docs/language/syntax/operator-precedence/	language.syntax.operator-precedence	apps/site/src/pages/language/syntax/operator-precedence/page.ssrg	authored-in-catalog	REWRITE	#764/#765	explanation,reader-article
/docs/language/syntax/optional-record-fields/	/ja/docs/language/syntax/optional-record-fields/	language.syntax.optional-record-fields	apps/site/src/pages/language/syntax/optional-record-fields/page.ssrg	authored-in-catalog	REWRITE	#767	explanation,reader-article
/docs/language/syntax/pipelines-and-low-precedence-application/	/ja/docs/language/syntax/pipelines-and-low-precedence-application/	language.syntax.pipelines	apps/site/src/pages/language/syntax/pipelines-and-low-precedence-application/page.ssrg	authored-in-catalog	REWRITE	#764/#765	explanation,reader-article
/docs/language/syntax/reserved-words-and-names/	/ja/docs/language/syntax/reserved-words-and-names/	language.syntax.reserved-words	apps/site/src/pages/language/syntax/reserved-words-and-names/page.ssrg	authored-in-catalog	REWRITE	#767	explanation,reader-article
/docs/language/syntax/source-text/	/ja/docs/language/syntax/source-text/	language.syntax.source-text	apps/site/src/pages/language/syntax/source-text/page.ssrg	authored-in-catalog	REWRITE	#767	explanation,reader-article
/docs/language/traits/coherence/	/ja/docs/language/traits/coherence/	language.traits.coherence	apps/site/src/pages/language/traits/coherence/page.ssrg	authored-in-catalog	REWRITE	#767	explanation,reader-article
/docs/language/traits/constraints/	/ja/docs/language/traits/constraints/	language.traits.constraints	apps/site/src/pages/language/traits/constraints/page.ssrg	authored-in-catalog	REWRITE	#767	explanation,reader-article
/docs/language/traits/declarations/	/ja/docs/language/traits/declarations/	language.traits.declarations	apps/site/src/pages/language/traits/declarations/page.ssrg	authored-in-catalog	REWRITE	#767	explanation,reader-article
/docs/language/traits/deriving/	/ja/docs/language/traits/deriving/	language.traits.deriving	apps/site/src/pages/language/traits/deriving/page.ssrg	authored-in-catalog	REWRITE	#767	explanation,reader-article
/docs/language/traits/do-block-typing/	/ja/docs/language/traits/do-block-typing/	language.traits.do-block-typing	apps/site/src/pages/language/traits/do-block-typing/page.ssrg	authored-in-catalog	REWRITE	#767	explanation,reader-article
/docs/language/traits/do-desugaring/	/ja/docs/language/traits/do-desugaring/	language.traits.do-desugaring	apps/site/src/pages/language/traits/do-desugaring/page.ssrg	authored-in-catalog	REWRITE	#767	explanation,reader-article
/docs/language/traits/do-notation/	/ja/docs/language/traits/do-notation/	language.traits.do-notation	apps/site/src/pages/language/traits/do-notation/page.ssrg	authored-in-catalog	REWRITE	#767	explanation,reader-article
/docs/language/traits/instances/	/ja/docs/language/traits/instances/	language.traits.instances	apps/site/src/pages/language/traits/instances/page.ssrg	authored-in-catalog	REWRITE	#767	explanation,reader-article
/docs/language/traits/laws/	/ja/docs/language/traits/laws/	language.traits.laws	apps/site/src/pages/language/traits/laws/page.ssrg	authored-in-catalog	REWRITE	#767	explanation,reader-article
/docs/language/traits/method-calls/	/ja/docs/language/traits/method-calls/	language.traits.method-calls	apps/site/src/pages/language/traits/method-calls/page.ssrg	authored-in-catalog	REWRITE	#767	explanation,reader-article
/docs/language/traits/methods-versus-traits/	/ja/docs/language/traits/methods-versus-traits/	language.traits.methods-versus-traits	apps/site/src/pages/language/traits/methods-versus-traits/page.ssrg	authored-in-catalog	REWRITE	#767	explanation,reader-article
/docs/language/traits/model/	/ja/docs/language/traits/model/	language.traits.model	apps/site/src/pages/language/traits/model/page.ssrg	authored-in-catalog	REWRITE	#767	explanation,reader-article
/docs/language/traits/standard-operators/	/ja/docs/language/traits/standard-operators/	language.traits.standard-operators	apps/site/src/pages/language/traits/standard-operators/page.ssrg	authored-in-catalog	REWRITE	#767	explanation,reader-article
/docs/language/types/annotations-and-inference/	/ja/docs/language/types/annotations-and-inference/	language.types.annotations-and-inference	apps/site/src/pages/language/types/annotations-and-inference/page.ssrg	authored-in-catalog	REWRITE	#767	explanation,reader-article
/docs/language/types/built-in-types/	/ja/docs/language/types/built-in-types/	language.types.built-in-types	apps/site/src/pages/language/types/built-in-types/page.ssrg	authored-in-catalog	REWRITE	#767	explanation,reader-article
/docs/language/types/closed-records/	/ja/docs/language/types/closed-records/	language.types.closed-records	apps/site/src/pages/language/types/closed-records/page.ssrg	authored-in-catalog	REWRITE	#767	explanation,article
/docs/language/types/erasure-and-runtime-representation/	/ja/docs/language/types/erasure-and-runtime-representation/	language.types.erasure-and-runtime-representation	apps/site/src/pages/language/types/erasure-and-runtime-representation/page.ssrg	authored-in-catalog	REWRITE	#767	explanation,article
/docs/language/types/function-types-and-currying/	/ja/docs/language/types/function-types-and-currying/	language.types.function-types	apps/site/src/pages/language/types/function-types-and-currying/page.ssrg	authored-in-catalog	REWRITE	#764/#765	explanation,reader-article
/docs/language/types/generic-adts/	/ja/docs/language/types/generic-adts/	language.types.generic-adts	apps/site/src/pages/language/types/generic-adts/page.ssrg	authored-in-catalog	REWRITE	#767	explanation,article
/docs/language/types/generic-aliases/	/ja/docs/language/types/generic-aliases/	language.types.generic-aliases	apps/site/src/pages/language/types/generic-aliases/page.ssrg	authored-in-catalog	REWRITE	#767	explanation,article
/docs/language/types/generic-functions/	/ja/docs/language/types/generic-functions/	language.types.generic-functions	apps/site/src/pages/language/types/generic-functions/page.ssrg	authored-in-catalog	REWRITE	#767	explanation,article
/docs/language/types/generic-impls-and-methods/	/ja/docs/language/types/generic-impls-and-methods/	language.types.generic-impls-and-methods	apps/site/src/pages/language/types/generic-impls-and-methods/page.ssrg	authored-in-catalog	REWRITE	#767	explanation,article
/docs/language/types/generic-structs/	/ja/docs/language/types/generic-structs/	language.types.generic-structs	apps/site/src/pages/language/types/generic-structs/page.ssrg	authored-in-catalog	REWRITE	#767	explanation,article
/docs/language/types/kinds/	/ja/docs/language/types/kinds/	language.types.kinds	apps/site/src/pages/language/types/kinds/page.ssrg	authored-in-catalog	REWRITE	#767	explanation,article
/docs/language/types/let-polymorphism-and-rank/	/ja/docs/language/types/let-polymorphism-and-rank/	language.types.let-polymorphism-and-rank	apps/site/src/pages/language/types/let-polymorphism-and-rank/page.ssrg	authored-in-catalog	REWRITE	#767	explanation,article
/docs/language/types/newtypes/	/ja/docs/language/types/newtypes/	language.types.newtypes	apps/site/src/pages/language/types/newtypes/page.ssrg	authored-in-catalog	REWRITE	#767	explanation,article
/docs/language/types/nominal-and-structural-types/	/ja/docs/language/types/nominal-and-structural-types/	language.types.nominal-structural	apps/site/src/pages/language/types/nominal-and-structural-types/page.ssrg	authored-in-catalog	REWRITE	#767	explanation,article
/docs/language/types/optional-record-fields/	/ja/docs/language/types/optional-record-fields/	language.types.optional-record-fields	apps/site/src/pages/language/types/optional-record-fields/page.ssrg	authored-in-catalog	REWRITE	#767	explanation,article
/docs/language/types/polymorphism/	/ja/docs/language/types/polymorphism/	language.types.polymorphism	apps/site/src/pages/language/types/polymorphism/page.ssrg	authored-in-catalog	REWRITE	#767	explanation,article
/docs/language/types/recursive-declarations/	/ja/docs/language/types/recursive-declarations/	language.types.recursive-declarations	apps/site/src/pages/language/types/recursive-declarations/page.ssrg	authored-in-catalog	REWRITE	#767	explanation,article
/docs/language/types/requirement-merge/	/ja/docs/language/types/requirement-merge/	language.types.requirement-merge	apps/site/src/pages/language/types/requirement-merge/page.ssrg	authored-in-catalog	REWRITE	#767	explanation,article
/docs/language/types/type-constructors/	/ja/docs/language/types/type-constructors/	language.types.type-constructors	apps/site/src/pages/language/types/type-constructors/page.ssrg	authored-in-catalog	REWRITE	#767	explanation,article
/docs/language/types/type-identity-and-coercion/	/ja/docs/language/types/type-identity-and-coercion/	language.types.identity-coercion	apps/site/src/pages/language/types/type-identity-and-coercion/page.ssrg	authored-in-catalog	REWRITE	#767	explanation,article
/docs/language/types/type-parameter-scope/	/ja/docs/language/types/type-parameter-scope/	language.types.type-parameter-scope	apps/site/src/pages/language/types/type-parameter-scope/page.ssrg	authored-in-catalog	REWRITE	#767	explanation,article
/docs/language/types/type-system/	/ja/docs/language/types/type-system/	language.types.type-system	apps/site/src/pages/language/types/type-system/page.ssrg	authored-in-catalog	REWRITE	#767	explanation,article
/docs/language/types/variance/	/ja/docs/language/types/variance/	language.types.variance	apps/site/src/pages/language/types/variance/page.ssrg	authored-in-catalog	REWRITE	#767	explanation,article
/docs/library/	/ja/docs/library/	library.overview	apps/site/src/pages/library/overview/page.ssrg	authored-in-catalog	REWRITE	#766	page-owned-blocks
/docs/library/adapters/	/ja/docs/library/adapters/	not-assigned	docs/design/docs-site/reference-content-map.md	planned-only	REWRITE-plan	#767	none
/docs/library/array/	/ja/docs/library/array/	reference.module.std/array	apps/site/src/reference/catalog.ssrg	compiler-generated	KEEP-identity/REWRITE-copy	#767	moduleEditorial/module-copy
/docs/library/benchmark/	/ja/docs/library/benchmark/	reference.module.std/benchmark	apps/site/src/reference/catalog.ssrg	compiler-generated	KEEP-identity/REWRITE-copy	#767	moduleEditorial/module-copy
/docs/library/big-int/	/ja/docs/library/big-int/	reference.module.std/big-int	apps/site/src/reference/catalog.ssrg	compiler-generated	KEEP-identity/REWRITE-copy	#767	moduleEditorial/module-copy
/docs/library/bytes/	/ja/docs/library/bytes/	reference.module.std/bytes	apps/site/src/reference/catalog.ssrg	compiler-generated	KEEP-identity/REWRITE-copy	#767	moduleEditorial/module-copy
/docs/library/bytes/base64/	/ja/docs/library/bytes/base64/	reference.module.std/bytes/base64	apps/site/src/reference/catalog.ssrg	compiler-generated	KEEP-identity/REWRITE-copy	#767	moduleEditorial/module-copy
/docs/library/bytes/hex/	/ja/docs/library/bytes/hex/	reference.module.std/bytes/hex	apps/site/src/reference/catalog.ssrg	compiler-generated	KEEP-identity/REWRITE-copy	#767	moduleEditorial/module-copy
/docs/library/char/	/ja/docs/library/char/	reference.module.std/char	apps/site/src/reference/catalog.ssrg	compiler-generated	KEEP-identity/REWRITE-copy	#767	moduleEditorial/module-copy
/docs/library/child-process/	/ja/docs/library/child-process/	reference.module.std/child-process	apps/site/src/reference/catalog.ssrg	compiler-generated	KEEP-identity/REWRITE-copy	#767	moduleEditorial/module-copy
/docs/library/clock/	/ja/docs/library/clock/	reference.module.std/clock	apps/site/src/reference/catalog.ssrg	compiler-generated	KEEP-identity/REWRITE-copy	#767	moduleEditorial/module-copy
/docs/library/collection/	/ja/docs/library/collection/	reference.module.std/collection	apps/site/src/reference/catalog.ssrg	compiler-generated	KEEP-identity/REWRITE-copy	#767	moduleEditorial/module-copy
/docs/library/common-api-rules/	/ja/docs/library/common-api-rules/	not-assigned	docs/design/docs-site/reference-content-map.md	planned-only	REWRITE-plan	#767	none
/docs/library/console/	/ja/docs/library/console/	reference.module.std/console	apps/site/src/reference/catalog.ssrg	compiler-generated	KEEP-identity/REWRITE-copy	#767	moduleEditorial/module-copy
/docs/library/contracts/collections/	/ja/docs/library/contracts/collections/	not-assigned	docs/design/docs-site/reference-content-map.md	planned-only	REWRITE-plan	#767	none
/docs/library/contracts/console/	/ja/docs/library/contracts/console/	not-assigned	docs/design/docs-site/reference-content-map.md	planned-only	REWRITE-plan	#767	none
/docs/library/contracts/effect/	/ja/docs/library/contracts/effect/	not-assigned	docs/design/docs-site/reference-content-map.md	planned-only	REWRITE-plan	#767	none
/docs/library/contracts/equality-ordering-and-hashing/	/ja/docs/library/contracts/equality-ordering-and-hashing/	not-assigned	docs/design/docs-site/reference-content-map.md	planned-only	REWRITE-plan	#767	none
/docs/library/contracts/functor-applicative-and-monad/	/ja/docs/library/contracts/functor-applicative-and-monad/	not-assigned	docs/design/docs-site/reference-content-map.md	planned-only	REWRITE-plan	#767	none
/docs/library/contracts/maybe-and-either/	/ja/docs/library/contracts/maybe-and-either/	not-assigned	docs/design/docs-site/reference-content-map.md	planned-only	REWRITE-plan	#767	none
/docs/library/contracts/monad-transformers/	/ja/docs/library/contracts/monad-transformers/	not-assigned	docs/design/docs-site/reference-content-map.md	planned-only	REWRITE-plan	#767	none
/docs/library/contracts/numeric-operations/	/ja/docs/library/contracts/numeric-operations/	not-assigned	docs/design/docs-site/reference-content-map.md	planned-only	REWRITE-plan	#767	none
/docs/library/contracts/prelude/	/ja/docs/library/contracts/prelude/	not-assigned	docs/design/docs-site/reference-content-map.md	planned-only	REWRITE-plan	#767	none
/docs/library/contracts/resources-and-signals/	/ja/docs/library/contracts/resources-and-signals/	not-assigned	docs/design/docs-site/reference-content-map.md	planned-only	REWRITE-plan	#767	none
/docs/library/contracts/semigroup-and-monoid/	/ja/docs/library/contracts/semigroup-and-monoid/	not-assigned	docs/design/docs-site/reference-content-map.md	planned-only	REWRITE-plan	#767	none
/docs/library/contracts/show-and-debug/	/ja/docs/library/contracts/show-and-debug/	not-assigned	docs/design/docs-site/reference-content-map.md	planned-only	REWRITE-plan	#767	none
/docs/library/contracts/structured-logging/	/ja/docs/library/contracts/structured-logging/	not-assigned	docs/design/docs-site/reference-content-map.md	planned-only	REWRITE-plan	#767	none
/docs/library/decimal/	/ja/docs/library/decimal/	reference.module.std/decimal	apps/site/src/reference/catalog.ssrg	compiler-generated	KEEP-identity/REWRITE-copy	#767	moduleEditorial/module-copy
/docs/library/deferred/	/ja/docs/library/deferred/	reference.module.std/deferred	apps/site/src/reference/catalog.ssrg	compiler-generated	KEEP-identity/REWRITE-copy	#767	moduleEditorial/module-copy
/docs/library/effect/	/ja/docs/library/effect/	reference.module.std/effect	apps/site/src/reference/catalog.ssrg	compiler-generated	KEEP-identity/REWRITE-copy	#767	moduleEditorial/module-copy
/docs/library/either/	/ja/docs/library/either/	reference.module.std/either	apps/site/src/reference/catalog.ssrg	compiler-generated	KEEP-identity/REWRITE-copy	#767	moduleEditorial/module-copy
/docs/library/entropy/	/ja/docs/library/entropy/	reference.module.std/entropy	apps/site/src/reference/catalog.ssrg	compiler-generated	KEEP-identity/REWRITE-copy	#767	moduleEditorial/module-copy
/docs/library/filesystem/	/ja/docs/library/filesystem/	not-assigned	docs/design/docs-site/reference-content-map.md	planned-only	REWRITE-plan	#767	none
/docs/library/float/	/ja/docs/library/float/	reference.module.std/float	apps/site/src/reference/catalog.ssrg	compiler-generated	KEEP-identity/REWRITE-copy	#767	moduleEditorial/module-copy
/docs/library/fs/	/ja/docs/library/fs/	reference.module.std/fs	apps/site/src/reference/catalog.ssrg	compiler-generated	KEEP-identity/REWRITE-copy	#767	moduleEditorial/module-copy
/docs/library/http/	/ja/docs/library/http/	reference.module.std/http	apps/site/src/reference/catalog.ssrg	compiler-generated	KEEP-identity/REWRITE-copy	#767	moduleEditorial/module-copy
/docs/library/http/multipart/	/ja/docs/library/http/multipart/	reference.module.std/http/multipart	apps/site/src/reference/catalog.ssrg	compiler-generated	KEEP-identity/REWRITE-copy	#767	moduleEditorial/module-copy
/docs/library/http/server/	/ja/docs/library/http/server/	reference.module.std/http/server	apps/site/src/reference/catalog.ssrg	compiler-generated	KEEP-identity/REWRITE-copy	#767	moduleEditorial/module-copy
/docs/library/int/	/ja/docs/library/int/	reference.module.std/int	apps/site/src/reference/catalog.ssrg	compiler-generated	KEEP-identity/REWRITE-copy	#767	moduleEditorial/module-copy
/docs/library/iterator/	/ja/docs/library/iterator/	reference.module.std/iterator	apps/site/src/reference/catalog.ssrg	compiler-generated	KEEP-identity/REWRITE-copy	#767	moduleEditorial/module-copy
/docs/library/json/	/ja/docs/library/json/	reference.module.std/json	apps/site/src/reference/catalog.ssrg	compiler-generated	KEEP-identity/REWRITE-copy	#767	moduleEditorial/module-copy
/docs/library/list/	/ja/docs/library/list/	reference.module.std/list	apps/site/src/reference/catalog.ssrg	compiler-generated	KEEP-identity/REWRITE-copy	#767	moduleEditorial/module-copy
/docs/library/log/	/ja/docs/library/log/	reference.module.std/log	apps/site/src/reference/catalog.ssrg	compiler-generated	KEEP-identity/REWRITE-copy	#767	moduleEditorial/module-copy
/docs/library/logger/	/ja/docs/library/logger/	not-assigned	docs/design/docs-site/reference-content-map.md	planned-only	REWRITE-plan	#767	none
/docs/library/map/	/ja/docs/library/map/	reference.module.std/map	apps/site/src/reference/catalog.ssrg	compiler-generated	KEEP-identity/REWRITE-copy	#767	moduleEditorial/module-copy
/docs/library/map/hash-seed/	/ja/docs/library/map/hash-seed/	not-assigned	docs/design/docs-site/reference-content-map.md	planned-only	REWRITE-plan	#767	none
/docs/library/math/	/ja/docs/library/math/	reference.module.std/math	apps/site/src/reference/catalog.ssrg	compiler-generated	KEEP-identity/REWRITE-copy	#767	moduleEditorial/module-copy
/docs/library/maybe/	/ja/docs/library/maybe/	reference.module.std/maybe	apps/site/src/reference/catalog.ssrg	compiler-generated	KEEP-identity/REWRITE-copy	#767	moduleEditorial/module-copy
/docs/library/non-empty-list/	/ja/docs/library/non-empty-list/	reference.module.std/non-empty-list	apps/site/src/reference/catalog.ssrg	compiler-generated	KEEP-identity/REWRITE-copy	#767	moduleEditorial/module-copy
/docs/library/number/	/ja/docs/library/number/	reference.module.std/number	apps/site/src/reference/catalog.ssrg	compiler-generated	KEEP-identity/REWRITE-copy	#767	moduleEditorial/module-copy
/docs/library/overview/	/ja/docs/library/overview/	not-assigned	docs/design/docs-site/reference-content-map.md	planned-only	REWRITE-plan	#767	none
/docs/library/path/	/ja/docs/library/path/	reference.module.std/path	apps/site/src/reference/catalog.ssrg	compiler-generated	KEEP-identity/REWRITE-copy	#767	moduleEditorial/module-copy
/docs/library/prelude/	/ja/docs/library/prelude/	reference.module.std/prelude	apps/site/src/reference/catalog.ssrg	compiler-generated	KEEP-identity/REWRITE-copy	#767	moduleEditorial/module-copy
/docs/library/process/	/ja/docs/library/process/	reference.module.std/process	apps/site/src/reference/catalog.ssrg	compiler-generated	KEEP-identity/REWRITE-copy	#767	moduleEditorial/module-copy
/docs/library/queue/	/ja/docs/library/queue/	reference.module.std/queue	apps/site/src/reference/catalog.ssrg	compiler-generated	KEEP-identity/REWRITE-copy	#767	moduleEditorial/module-copy
/docs/library/random/	/ja/docs/library/random/	reference.module.std/random	apps/site/src/reference/catalog.ssrg	compiler-generated	KEEP-identity/REWRITE-copy	#767	moduleEditorial/module-copy
/docs/library/ref/	/ja/docs/library/ref/	reference.module.std/ref	apps/site/src/reference/catalog.ssrg	compiler-generated	KEEP-identity/REWRITE-copy	#767	moduleEditorial/module-copy
/docs/library/regex/	/ja/docs/library/regex/	reference.module.std/regex	apps/site/src/reference/catalog.ssrg	compiler-generated	KEEP-identity/REWRITE-copy	#767	moduleEditorial/module-copy
/docs/library/semaphore/	/ja/docs/library/semaphore/	reference.module.std/semaphore	apps/site/src/reference/catalog.ssrg	compiler-generated	KEEP-identity/REWRITE-copy	#767	moduleEditorial/module-copy
/docs/library/set/	/ja/docs/library/set/	reference.module.std/set	apps/site/src/reference/catalog.ssrg	compiler-generated	KEEP-identity/REWRITE-copy	#767	moduleEditorial/module-copy
/docs/library/signal/	/ja/docs/library/signal/	reference.module.std/signal	apps/site/src/reference/catalog.ssrg	compiler-generated	KEEP-identity/REWRITE-copy	#767	moduleEditorial/module-copy
/docs/library/sse/	/ja/docs/library/sse/	reference.module.std/sse	apps/site/src/reference/catalog.ssrg	compiler-generated	KEEP-identity/REWRITE-copy	#767	moduleEditorial/module-copy
/docs/library/stdin/	/ja/docs/library/stdin/	reference.module.std/stdin	apps/site/src/reference/catalog.ssrg	compiler-generated	KEEP-identity/REWRITE-copy	#767	moduleEditorial/module-copy
/docs/library/stream/	/ja/docs/library/stream/	reference.module.std/stream	apps/site/src/reference/catalog.ssrg	compiler-generated	KEEP-identity/REWRITE-copy	#767	moduleEditorial/module-copy
/docs/library/test/	/ja/docs/library/test/	reference.module.std/test	apps/site/src/reference/catalog.ssrg	compiler-generated	KEEP-identity/REWRITE-copy	#767	moduleEditorial/module-copy
/docs/library/text/	/ja/docs/library/text/	reference.module.std/text	apps/site/src/reference/catalog.ssrg	compiler-generated	KEEP-identity/REWRITE-copy	#767	moduleEditorial/module-copy
/docs/library/text/grapheme/	/ja/docs/library/text/grapheme/	reference.module.std/text/grapheme	apps/site/src/reference/catalog.ssrg	compiler-generated	KEEP-identity/REWRITE-copy	#767	moduleEditorial/module-copy
/docs/library/text/unicode/	/ja/docs/library/text/unicode/	reference.module.std/text/unicode	apps/site/src/reference/catalog.ssrg	compiler-generated	KEEP-identity/REWRITE-copy	#767	moduleEditorial/module-copy
/docs/library/time/	/ja/docs/library/time/	reference.module.std/time	apps/site/src/reference/catalog.ssrg	compiler-generated	KEEP-identity/REWRITE-copy	#767	moduleEditorial/module-copy
/docs/library/transformer/either/	/ja/docs/library/transformer/either/	reference.module.std/transformer/either	apps/site/src/reference/catalog.ssrg	compiler-generated	KEEP-identity/REWRITE-copy	#767	moduleEditorial/module-copy
/docs/library/transformer/maybe/	/ja/docs/library/transformer/maybe/	reference.module.std/transformer/maybe	apps/site/src/reference/catalog.ssrg	compiler-generated	KEEP-identity/REWRITE-copy	#767	moduleEditorial/module-copy
/docs/library/transformer/reader/	/ja/docs/library/transformer/reader/	reference.module.std/transformer/reader	apps/site/src/reference/catalog.ssrg	compiler-generated	KEEP-identity/REWRITE-copy	#767	moduleEditorial/module-copy
/docs/library/transformer/state/	/ja/docs/library/transformer/state/	reference.module.std/transformer/state	apps/site/src/reference/catalog.ssrg	compiler-generated	KEEP-identity/REWRITE-copy	#767	moduleEditorial/module-copy
/docs/library/transformer/writer/	/ja/docs/library/transformer/writer/	reference.module.std/transformer/writer	apps/site/src/reference/catalog.ssrg	compiler-generated	KEEP-identity/REWRITE-copy	#767	moduleEditorial/module-copy
/docs/library/validation/	/ja/docs/library/validation/	reference.module.std/validation	apps/site/src/reference/catalog.ssrg	compiler-generated	KEEP-identity/REWRITE-copy	#767	moduleEditorial/module-copy
/docs/library/web/dom/	/ja/docs/library/web/dom/	reference.module.std/web/dom	apps/site/src/reference/catalog.ssrg	compiler-generated	KEEP-identity/REWRITE-copy	#767	moduleEditorial/module-copy
/docs/library/web/file/	/ja/docs/library/web/file/	reference.module.std/web/file	apps/site/src/reference/catalog.ssrg	compiler-generated	KEEP-identity/REWRITE-copy	#767	moduleEditorial/module-copy
/docs/library/web/html/	/ja/docs/library/web/html/	reference.module.std/web/html	apps/site/src/reference/catalog.ssrg	compiler-generated	KEEP-identity/REWRITE-copy	#767	moduleEditorial/module-copy
/docs/library/web/navigation/	/ja/docs/library/web/navigation/	reference.module.std/web/navigation	apps/site/src/reference/catalog.ssrg	compiler-generated	KEEP-identity/REWRITE-copy	#767	moduleEditorial/module-copy
/docs/library/web/storage/	/ja/docs/library/web/storage/	reference.module.std/web/storage	apps/site/src/reference/catalog.ssrg	compiler-generated	KEEP-identity/REWRITE-copy	#767	moduleEditorial/module-copy
/docs/library/web/svg/	/ja/docs/library/web/svg/	reference.module.std/web/svg	apps/site/src/reference/catalog.ssrg	compiler-generated	KEEP-identity/REWRITE-copy	#767	moduleEditorial/module-copy
/docs/library/websocket/	/ja/docs/library/websocket/	reference.module.std/websocket	apps/site/src/reference/catalog.ssrg	compiler-generated	KEEP-identity/REWRITE-copy	#767	moduleEditorial/module-copy
/docs/library/websocket/server/	/ja/docs/library/websocket/server/	reference.module.std/websocket/server	apps/site/src/reference/catalog.ssrg	compiler-generated	KEEP-identity/REWRITE-copy	#767	moduleEditorial/module-copy
/docs/packages/postgresql/cursors/	/ja/docs/packages/postgresql/cursors/	not-assigned	docs/design/docs-site/reference-content-map.md	planned-only	REWRITE-plan	#767	none
/docs/packages/postgresql/failures-and-providers/	/ja/docs/packages/postgresql/failures-and-providers/	not-assigned	docs/design/docs-site/reference-content-map.md	planned-only	REWRITE-plan	#767	none
/docs/packages/postgresql/identity-and-requirements/	/ja/docs/packages/postgresql/identity-and-requirements/	not-assigned	docs/design/docs-site/reference-content-map.md	planned-only	REWRITE-plan	#767	none
/docs/packages/postgresql/query-and-decoding/	/ja/docs/packages/postgresql/query-and-decoding/	not-assigned	docs/design/docs-site/reference-content-map.md	planned-only	REWRITE-plan	#767	none
/docs/packages/postgresql/resources-and-values/	/ja/docs/packages/postgresql/resources-and-values/	not-assigned	docs/design/docs-site/reference-content-map.md	planned-only	REWRITE-plan	#767	none
/docs/packages/postgresql/transactions/	/ja/docs/packages/postgresql/transactions/	not-assigned	docs/design/docs-site/reference-content-map.md	planned-only	REWRITE-plan	#767	none
/docs/packages/sqlite/database-and-parameters/	/ja/docs/packages/sqlite/database-and-parameters/	not-assigned	docs/design/docs-site/reference-content-map.md	planned-only	REWRITE-plan	#767	none
/docs/packages/sqlite/failures-targets-and-streams/	/ja/docs/packages/sqlite/failures-targets-and-streams/	not-assigned	docs/design/docs-site/reference-content-map.md	planned-only	REWRITE-plan	#767	none
/docs/packages/sqlite/identity-and-requirements/	/ja/docs/packages/sqlite/identity-and-requirements/	not-assigned	docs/design/docs-site/reference-content-map.md	planned-only	REWRITE-plan	#767	none
/docs/packages/sqlite/row-decoding/	/ja/docs/packages/sqlite/row-decoding/	not-assigned	docs/design/docs-site/reference-content-map.md	planned-only	REWRITE-plan	#767	none
/docs/packages/sqlite/transactions-and-resources/	/ja/docs/packages/sqlite/transactions-and-resources/	not-assigned	docs/design/docs-site/reference-content-map.md	planned-only	REWRITE-plan	#767	none
/docs/projects/dependencies/	/ja/docs/projects/dependencies/	not-assigned	docs/design/docs-site/reference-content-map.md	planned-only	REWRITE-plan	#767	none
/docs/projects/executable-entry-points/	/ja/docs/projects/executable-entry-points/	not-assigned	docs/design/docs-site/reference-content-map.md	planned-only	REWRITE-plan	#767	none
/docs/projects/export-maps/	/ja/docs/projects/export-maps/	not-assigned	docs/design/docs-site/reference-content-map.md	planned-only	REWRITE-plan	#767	none
/docs/projects/foreign-host-inputs/	/ja/docs/projects/foreign-host-inputs/	not-assigned	docs/design/docs-site/reference-content-map.md	planned-only	REWRITE-plan	#767	none
/docs/projects/generated-bindings/	/ja/docs/projects/generated-bindings/	not-assigned	docs/design/docs-site/reference-content-map.md	planned-only	REWRITE-plan	#767	none
/docs/projects/imports-and-tests/	/ja/docs/projects/imports-and-tests/	not-assigned	docs/design/docs-site/reference-content-map.md	planned-only	REWRITE-plan	#767	none
/docs/projects/layout/	/ja/docs/projects/layout/	not-assigned	docs/design/docs-site/reference-content-map.md	planned-only	REWRITE-plan	#767	none
/docs/projects/lockfiles/	/ja/docs/projects/lockfiles/	not-assigned	docs/design/docs-site/reference-content-map.md	planned-only	REWRITE-plan	#767	none
/docs/projects/logical-inputs-and-loaders/	/ja/docs/projects/logical-inputs-and-loaders/	not-assigned	docs/design/docs-site/reference-content-map.md	planned-only	REWRITE-plan	#767	none
/docs/projects/manifest/	/ja/docs/projects/manifest/	not-assigned	docs/design/docs-site/reference-content-map.md	planned-only	REWRITE-plan	#767	none
/docs/projects/module-paths/	/ja/docs/projects/module-paths/	not-assigned	docs/design/docs-site/reference-content-map.md	planned-only	REWRITE-plan	#767	none
/docs/projects/package-identity-and-version/	/ja/docs/projects/package-identity-and-version/	not-assigned	docs/design/docs-site/reference-content-map.md	planned-only	REWRITE-plan	#767	none
/docs/projects/web-documents-and-assets/	/ja/docs/projects/web-documents-and-assets/	not-assigned	docs/design/docs-site/reference-content-map.md	planned-only	REWRITE-plan	#767	none
/docs/projects/workspace-discovery/	/ja/docs/projects/workspace-discovery/	not-assigned	docs/design/docs-site/reference-content-map.md	planned-only	REWRITE-plan	#767	none
/docs/tooling/contracts/analysis-api/	/ja/docs/tooling/contracts/analysis-api/	not-assigned	docs/design/docs-site/reference-content-map.md	planned-only	REWRITE-plan	#767	none
/docs/tooling/contracts/conformance/	/ja/docs/tooling/contracts/conformance/	not-assigned	docs/design/docs-site/reference-content-map.md	planned-only	REWRITE-plan	#767	none
/docs/tooling/contracts/fixity-resolution/	/ja/docs/tooling/contracts/fixity-resolution/	not-assigned	docs/design/docs-site/reference-content-map.md	planned-only	REWRITE-plan	#767	none
/docs/tooling/contracts/header-scan/	/ja/docs/tooling/contracts/header-scan/	not-assigned	docs/design/docs-site/reference-content-map.md	planned-only	REWRITE-plan	#767	none
/docs/tooling/contracts/incomplete-source/	/ja/docs/tooling/contracts/incomplete-source/	not-assigned	docs/design/docs-site/reference-content-map.md	planned-only	REWRITE-plan	#767	none
/docs/tooling/contracts/minimum-language-surface/	/ja/docs/tooling/contracts/minimum-language-surface/	not-assigned	docs/design/docs-site/reference-content-map.md	planned-only	REWRITE-plan	#767	none
/docs/tooling/contracts/model/	/ja/docs/tooling/contracts/model/	not-assigned	docs/design/docs-site/reference-content-map.md	planned-only	REWRITE-plan	#767	none
/docs/tooling/contracts/raw-operator-tokens/	/ja/docs/tooling/contracts/raw-operator-tokens/	not-assigned	docs/design/docs-site/reference-content-map.md	planned-only	REWRITE-plan	#767	none
/docs/tooling/contracts/syntax-pipeline/	/ja/docs/tooling/contracts/syntax-pipeline/	not-assigned	docs/design/docs-site/reference-content-map.md	planned-only	REWRITE-plan	#767	none
/docs/tooling/contracts/type-display/	/ja/docs/tooling/contracts/type-display/	not-assigned	docs/design/docs-site/reference-content-map.md	planned-only	REWRITE-plan	#767	none
/docs/tooling/contracts/type-documents/	/ja/docs/tooling/contracts/type-documents/	not-assigned	docs/design/docs-site/reference-content-map.md	planned-only	REWRITE-plan	#767	none
/docs/tooling/deprecations/	/ja/docs/tooling/deprecations/	not-assigned	docs/design/docs-site/reference-content-map.md	planned-only	REWRITE-plan	#767	none
/docs/tooling/diagnostics/	/ja/docs/tooling/diagnostics/	not-assigned	docs/design/docs-site/reference-content-map.md	planned-only	REWRITE-plan	#767	none
/docs/tooling/documentation-comments/	/ja/docs/tooling/documentation-comments/	not-assigned	docs/design/docs-site/reference-content-map.md	planned-only	REWRITE-plan	#767	none
/docs/tooling/exhaustive-match-fixes/	/ja/docs/tooling/exhaustive-match-fixes/	not-assigned	docs/design/docs-site/reference-content-map.md	planned-only	REWRITE-plan	#767	none
/docs/tooling/formatter/	/ja/docs/tooling/formatter/	not-assigned	docs/design/docs-site/reference-content-map.md	planned-only	REWRITE-plan	#767	none
/docs/tooling/language-server/	/ja/docs/tooling/language-server/	not-assigned	docs/design/docs-site/reference-content-map.md	planned-only	REWRITE-plan	#767	none
/docs/tooling/learning-surface-coverage/	/ja/docs/tooling/learning-surface-coverage/	not-assigned	docs/design/docs-site/reference-content-map.md	planned-only	REWRITE-plan	#767	none
/docs/tooling/options-and-target-capabilities/	/ja/docs/tooling/options-and-target-capabilities/	not-assigned	docs/design/docs-site/reference-content-map.md	planned-only	REWRITE-plan	#767	none
/docs/tooling/playground/editor-tabs/	/ja/docs/tooling/playground/editor-tabs/	not-assigned	docs/design/docs-site/reference-content-map.md	planned-only	REWRITE-plan	#767	none
/docs/tooling/playground/explorer/	/ja/docs/tooling/playground/explorer/	not-assigned	docs/design/docs-site/reference-content-map.md	planned-only	REWRITE-plan	#767	none
/docs/tooling/playground/html-preview/	/ja/docs/tooling/playground/html-preview/	not-assigned	docs/design/docs-site/reference-content-map.md	planned-only	REWRITE-plan	#767	none
/docs/tooling/playground/overview/	/ja/docs/tooling/playground/overview/	not-assigned	docs/design/docs-site/reference-content-map.md	planned-only	REWRITE-plan	#767	none
/docs/tooling/playground/project-compiler/	/ja/docs/tooling/playground/project-compiler/	not-assigned	docs/design/docs-site/reference-content-map.md	planned-only	REWRITE-plan	#767	none
/docs/tooling/playground/spec-fixtures/	/ja/docs/tooling/playground/spec-fixtures/	not-assigned	docs/design/docs-site/reference-content-map.md	planned-only	REWRITE-plan	#767	none
/docs/tooling/playground/virtual-workspaces/	/ja/docs/tooling/playground/virtual-workspaces/	not-assigned	docs/design/docs-site/reference-content-map.md	planned-only	REWRITE-plan	#767	none
/docs/tooling/playground/workspace-execution/	/ja/docs/tooling/playground/workspace-execution/	not-assigned	docs/design/docs-site/reference-content-map.md	planned-only	REWRITE-plan	#767	none
/docs/tooling/syntax-highlighting/	/ja/docs/tooling/syntax-highlighting/	not-assigned	docs/design/docs-site/reference-content-map.md	planned-only	REWRITE-plan	#767	none
/docs/tooling/test-runner/	/ja/docs/tooling/test-runner/	not-assigned	docs/design/docs-site/reference-content-map.md	planned-only	REWRITE-plan	#767	none
/docs/tooling/type-inference-explanations/	/ja/docs/tooling/type-inference-explanations/	not-assigned	docs/design/docs-site/reference-content-map.md	planned-only	REWRITE-plan	#767	none
/examples/	/ja/examples/	examples	apps/site/src/pages/examples/page.ssrg	authored-in-catalog	REWRITE	#766	page-owned-blocks
/releases/	/ja/releases/	releases	apps/site/src/pages/releases/page.ssrg	authored-in-catalog	REWRITE	#766	page-owned-blocks
